Model,Accuracy,Precision,Recall,F1-Score
Random Forest,0.8256410256410256,0.8263632147353077,0.8256410256410256,0.8064898077899828
Gradient Boosting,0.7897435897435897,0.7781288570186875,0.7897435897435897,0.7765843150420723
XGBoost,0.7794871794871795,0.7675461290845906,0.7794871794871795,0.7679725226144324
Logistic Regression,0.7589743589743589,0.7497063335524873,0.7589743589743589,0.7487725078242321
Decision Tree,0.7333333333333333,0.7369665171645369,0.7333333333333333,0.7342058519660329
