Model,Train RMSE,Test RMSE,Train MAE,Test MAE,Train R²,Test R²
Lasso Regression,1.2978727223409012,1.1404968782582758,0.7960100334243441,0.7179203762148137,0.8336504505239003,0.8823733079287441
Gradient Boosting,0.6337196793147363,1.1597151978720897,0.4801967529461779,0.710699554198997,0.9603400824687192,0.8783756928645106
Ridge Regression,1.2452353969278012,1.2089207075586847,0.8014861824010688,0.786066002625931,0.8468699818300643,0.8678359570492993
Linear Regression,1.2451935432564458,1.2104522145061192,0.8014485563088023,0.7871980371921886,0.8468802753790003,0.8675008840223093
Random Forest,0.5092589292891142,1.2277054722105487,0.32005690161527167,0.7908547008547009,0.9743885171165112,0.8636967957910608
XGBoost,0.11728224343758564,1.3382117337001596,0.07779181581236717,0.7901467453974944,0.9986416101455688,0.8380550742149353
Decision Tree,0.24991396010824896,1.5825793462823536,0.115275057786071,0.9222581691812461,0.9938320839791408,0.7735101890400577
